[
  {
    "_id": "5e789aadfdeceb6dd36ea156",
    "id": 1,
    "first_submit": "2020-03-23T19:17:01.051Z",
    "7d": {
      "0": [
        "0",
        "0",
        "0",
        "0",
        "0",
        "0",
        "0",
        "0"
      ]
    },
    "last_submit": "2020-03-23T19:17:01.051Z"
  },
  {
    "_id": "5e789cbbfdeceb6dd36ea157",
    "id": 213,
    "first_submit": "2020-03-23T19:25:47.881Z",
    "7d": {
      "0": [
        "180",
        "300",
        "0",
        "0",
        "240",
        "180",
        "0",
        "0"
      ]
    },
    "last_submit": "2020-03-23T19:25:47.881Z"
  },
  {
    "_id": "5e789c7bfdeceb6dd1a3b45e",
    "id": 263,
    "first_submit": "2020-03-23T19:24:43.628Z",
    "7d": {
      "0": [
        "120",
        "180",
        "120",
        "30",
        "240",
        "0",
        "60",
        "0"
      ]
    },
    "last_submit": "2020-03-23T19:24:43.628Z",
    "answer_phase1": [
      "上海大学",
      "大一",
      "女",
      "2000-09-21",
      "null",
      "理工类",
      "168",
      "65",
      "3880",
      "13",
      "8",
      "3.19-3.57",
      "45",
      "1",
      "1",
      "2",
      "1",
      "0",
      "1",
      "1",
      "1",
      "1",
      "1",
      "1",
      "2",
      "1",
      "1",
      "0",
      "1",
      "1",
      "0",
      "1",
      "2",
      "1",
      "1",
      "1"
    ]
  },
  {
    "_id": "5e789d2f424f38a5d4d79ce6",
    "id": 29,
    "answer_phase1": [
      "上海大学",
      "大四",
      "男",
      "1998-03-24",
      "null",
      "理工类",
      "172",
      "56",
      "4000",
      "18",
      "6.9",
      "4.10",
      "15",
      "2",
      "2",
      "2",
      "2",
      "2",
      "2",
      "2",
      "2",
      "2",
      "2",
      "2",
      "2",
      "2",
      "2",
      "2",
      "2",
      "2",
      "2",
      "2",
      "2",
      "2",
      "2",
      "2"
    ],
    "first_submit": "2020-03-23T19:28:06.955Z",
    "7d": {
      "0": [
        "1",
        "1",
        "1",
        "1",
        "61",
        "60",
        "60",
        "60"
      ]
    },
    "last_submit": "2020-03-23T19:28:06.955Z"
  },
  {
    "_id": "5e789f18424f38a5d4d79ce7",
    "id": 267,
    "answer_phase1": [
      "上海大学",
      "大四",
      "女",
      "1998-05-18",
      "null",
      "理工类",
      "163",
      "51",
      "3500",
      "10",
      "8.5",
      "3.19-3.57",
      "45",
      "0",
      "0",
      "0",
      "0",
      "0",
      "0",
      "0",
      "0",
      "0",
      "0",
      "0",
      "0",
      "0",
      "0",
      "0",
      "0",
      "0",
      "0",
      "0",
      "0",
      "0",
      "0",
      "0"
    ]
  },
  {
    "_id": "5e78a1aafdeceb6dd36ea159",
    "id": 269,
    "first_submit": "2020-03-23T19:46:50.499Z",
    "7d": {
      "0": [
        "120",
        "60",
        "120",
        "60",
        "60",
        "60",
        "60",
        "300"
      ]
    },
    "last_submit": "2020-03-23T19:46:50.499Z"
  },
  {
    "_id": "5e78a67cfdeceb6dd1a3b45f",
    "id": 236,
    "first_submit": "2020-03-23T20:07:24.428Z",
    "7d": {
      "0": [
        "120",
        "60",
        "0",
        "60",
        "180",
        "0",
        "120",
        "180"
      ],
      "1": [
        "240",
        "60",
        "60",
        "60",
        "60",
        "0",
        "60",
        "120"
      ],
      "2": [
        "120",
        "120",
        "0",
        "60",
        "120",
        "0",
        "60",
        "180"
      ],
      "3": [
        "120",
        "120",
        "60",
        "0",
        "60",
        "0",
        "180",
        "120"
      ],
      "4": [
        "120",
        "120",
        "120",
        "60",
        "60",
        "0",
        "60",
        "120"
      ]
    },
    "last_submit": "2020-03-27T20:25:30.978Z",
    "answer_phase1": [
      "上海大学",
      "大四",
      "女",
      "1998-07-11",
      "null",
      "理工类",
      "165",
      "68",
      "3145",
      "5",
      "9.62",
      "4:35",
      "40",
      "1",
      "3",
      "4",
      "2",
      "0",
      "2",
      "0",
      "2",
      "1",
      "0",
      "1",
      "2",
      "2",
      "2",
      "2",
      "0",
      "2",
      "2",
      "2",
      "2",
      "2",
      "0",
      "0"
    ]
  },
  {
    "_id": "5e78aa5ffdeceb6dd2bdd8d0",
    "id": 272,
    "first_submit": "2020-03-23T20:23:59.940Z",
    "7d": {
      "0": [
        "300",
        "180",
        "0",
        "120",
        "0",
        "60",
        "60",
        "60"
      ]
    },
    "last_submit": "2020-03-23T20:23:59.940Z",
    "answer_phase1": [
      "上海大学",
      "大四",
      "女",
      "1998-08-27",
      "null",
      "理工类",
      "172",
      "53",
      "3300",
      "17",
      "11",
      "3.40",
      "35",
      "1",
      "3",
      "2",
      "2",
      "0",
      "1",
      "3",
      "2",
      "2",
      "2",
      "2",
      "2",
      "2",
      "1",
      "1",
      "1",
      "0",
      "1",
      "1",
      "1",
      "1",
      "2",
      "2"
    ]
  },
  {
    "_id": "5e78b3ac424f38a5d4d79ce8",
    "id": 273,
    "answer_phase1": [
      "上海大学",
      "大一",
      "男",
      "2001-02-12",
      "null",
      "理工类",
      "181",
      "130",
      "7800",
      "14",
      "7.5",
      "3.18-3.57",
      "3",
      "1",
      "1",
      "0",
      "0",
      "0",
      "0",
      "0",
      "0",
      "0",
      "0",
      "0",
      "0",
      "0",
      "0",
      "0",
      "0",
      "0",
      "1",
      "0",
      "1",
      "1",
      "0",
      "0"
    ],
    "first_submit": "2020-03-23T21:04:41.576Z",
    "7d": {
      "0": [
        "420",
        "60",
        "60",
        "30",
        "240",
        "0",
        "10",
        "180"
      ]
    },
    "last_submit": "2020-03-23T21:04:41.576Z"
  },
  {
    "_id": "5e78be8c424f38a5d4d79cea",
    "id": 276,
    "answer_phase1": [
      "上海大学",
      "大四",
      "男",
      "1997-12-18",
      "null",
      "理工类",
      "171",
      "80",
      "6000",
      "0",
      "7.0",
      "3.18-3.57",
      "2",
      "0",
      "1",
      "3",
      "0",
      "0",
      "0",
      "0",
      "0",
      "0",
      "0",
      "0",
      "0",
      "0",
      "1",
      "0",
      "0",
      "0",
      "0",
      "0",
      "0",
      "0",
      "0",
      "0"
    ]
  },
  {
    "_id": "5e78c5d0fdeceb6dd1a3b461",
    "id": 278,
    "first_submit": "2020-03-23T22:21:04.169Z",
    "7d": {
      "0": [
        "120",
        "480",
        "0",
        "0",
        "120",
        "0",
        "0",
        "0"
      ]
    },
    "last_submit": "2020-03-23T22:21:04.169Z"
  },
  {
    "_id": "5e78b816fdeceb6dd1a3b460",
    "id": 274,
    "first_submit": "2020-03-23T21:22:30.266Z",
    "7d": {
      "0": [
        "180",
        "420",
        "0",
        "0",
        "0",
        "0",
        "0",
        "0"
      ]
    },
    "last_submit": "2020-03-23T21:22:30.266Z",
    "answer_phase1": [
      "上海大学",
      "大四",
      "男",
      "1998-08-29",
      "null",
      "理工类",
      "174",
      "62",
      "3900",
      "12",
      "7.2",
      "3.58-4.52",
      "2",
      "0",
      "4",
      "3",
      "0",
      "0",
      "0",
      "2",
      "0",
      "0",
      "0",
      "0",
      "0",
      "2",
      "0",
      "0",
      "1",
      "0",
      "0",
      "0",
      "0",
      "0",
      "0",
      "0"
    ]
  },
  {
    "_id": "5e78bbc2424f38a5d4d79ce9",
    "id": 275,
    "answer_phase1": [
      "上海大学",
      "大一",
      "男",
      "2000-09-14",
      "null",
      "理工类",
      "175",
      "74",
      "6500",
      "24",
      "7.00",
      "3.18-3.57",
      "10",
      "0",
      "1",
      "0",
      "0",
      "1",
      "0",
      "0",
      "0",
      "0",
      "0",
      "0",
      "0",
      "0",
      "0",
      "0",
      "0",
      "0",
      "0",
      "1",
      "0",
      "0",
      "0",
      "0"
    ],
    "first_submit": "2020-03-23T21:39:03.523Z",
    "7d": {
      "0": [
        "180",
        "120",
        "120",
        "60",
        "360",
        "0",
        "60",
        "0"
      ]
    },
    "last_submit": "2020-03-23T21:39:03.523Z"
  },
  {
    "_id": "5e78bfca424f38a5d4d79ceb",
    "id": 277,
    "answer_phase1": [
      "上海大学",
      "大二",
      "男",
      "2000-02-07",
      "null",
      "理工类",
      "177",
      "62",
      "3500",
      "8",
      "7.4",
      "3.18-3.57",
      "0",
      "0",
      "2",
      "1",
      "1",
      "0",
      "0",
      "2",
      "2",
      "1",
      "2",
      "2",
      "1",
      "1",
      "1",
      "1",
      "1",
      "1",
      "1",
      "2",
      "2",
      "2",
      "1",
      "1"
    ],
    "first_submit": "2020-03-23T21:56:03.777Z",
    "7d": {
      "0": [
        "120",
        "300",
        "60",
        "30",
        "180",
        "0",
        "0",
        "60"
      ]
    },
    "last_submit": "2020-03-23T21:56:03.777Z"
  },
  {
    "_id": "5e78d184fdeceb6dd2bdd8d1",
    "id": 235,
    "first_submit": "2020-03-23T23:11:00.449Z",
    "7d": {
      "0": [
        "180",
        "120",
        "60",
        "0",
        "240",
        "0",
        "60",
        "60"
      ]
    },
    "last_submit": "2020-03-23T23:11:00.449Z"
  },
  {
    "_id": "5e7966f2424f38a5d4d79cec",
    "id": 255,
    "answer_phase1": [
      "上海大学",
      "大四",
      "女",
      "1997-03-01",
      "null",
      "理工类",
      "164",
      "51",
      "2400",
      "17.6",
      "9.8",
      "4-4.44",
      "30",
      "2",
      "2",
      "2",
      "2",
      "2",
      "2",
      "2",
      "2",
      "2",
      "2",
      "2",
      "2",
      "2",
      "2",
      "2",
      "2",
      "2",
      "2",
      "2",
      "2",
      "2",
      "2",
      "2"
    ],
    "first_submit": "2020-03-24T09:49:22.122Z",
    "7d": {
      "1": [
        "180",
        "180",
        "180",
        "120",
        "120",
        "0",
        "60",
        "0"
      ],
      "2": [
        "0",
        "0",
        "120",
        "120",
        "120",
        "60",
        "120",
        "60"
      ],
      "3": [
        "240",
        "60",
        "0",
        "60",
        "0",
        "60",
        "120",
        "120"
      ],
      "4": [
        "120",
        "120",
        "120",
        "60",
        "0",
        "0",
        "120",
        "120"
      ]
    },
    "last_submit": "2020-03-27T20:35:29.476Z"
  },
  {
    "_id": "5e796774424f38a5d4d79ced",
    "id": 221,
    "answer_phase1": [
      "上海大学",
      "大四",
      "男",
      "1997-05-04",
      "null",
      "理工类",
      "178",
      "70",
      "5400",
      "18",
      "7.0",
      "4.00",
      "4",
      "0",
      "0",
      "0",
      "0",
      "0",
      "0",
      "0",
      "1",
      "0",
      "0",
      "0",
      "2",
      "0",
      "0",
      "0",
      "0",
      "0",
      "0",
      "0",
      "0",
      "0",
      "0",
      "0"
    ]
  },
  {
    "_id": "5e798f77fdeceb6dd2bdd8d3",
    "id": 280,
    "first_submit": "2020-03-24T12:41:27.125Z",
    "7d": {
      "1": [
        "300",
        "240",
        "120",
        "0",
        "0",
        "0",
        "60",
        "0"
      ]
    },
    "last_submit": "2020-03-24T12:41:27.125Z"
  },
  {
    "_id": "5e79f4d7424f38a5d4d79cef",
    "id": 281,
    "answer_phase1": [
      "上海大学",
      "大二",
      "女",
      "2000-06-21",
      "null",
      "理工类",
      "163",
      "42",
      "3000",
      "8",
      "8.9",
      "4:00",
      "32",
      "1",
      "1",
      "2",
      "1",
      "0",
      "2",
      "2",
      "1",
      "1",
      "1",
      "2",
      "1",
      "2",
      "1",
      "1",
      "1",
      "1",
      "0",
      "2",
      "2",
      "1",
      "1",
      "1"
    ],
    "first_submit": "2020-03-24T19:55:16.176Z",
    "7d": {
      "1": [
        "180",
        "60",
        "60",
        "0",
        "420",
        "0",
        "NaN",
        "60"
      ]
    },
    "last_submit": "2020-03-24T19:55:16.176Z"
  },
  {
    "_id": "5e78bedbfdeceb6dd36ea15a",
    "id": 257,
    "first_submit": "2020-03-23T21:51:23.526Z",
    "7d": {
      "0": [
        "240",
        "120",
        "0",
        "120",
        "180",
        "0",
        "0",
        "180"
      ],
      "1": [
        "120",
        "60",
        "0",
        "0",
        "420",
        "0",
        "120",
        "60"
      ],
      "2": [
        "180",
        "0",
        "240",
        "0",
        "240",
        "0",
        "180",
        "0"
      ],
      "3": [
        "240",
        "0",
        "0",
        "120",
        "240",
        "0",
        "240",
        "0"
      ]
    },
    "last_submit": "2020-03-26T23:13:27.434Z"
  },
  {
    "_id": "5e7a2d46fdeceb6dd36ea15d",
    "id": 264,
    "first_submit": "2020-03-24T23:54:46.835Z",
    "7d": {
      "1": [
        "180",
        "120",
        "20",
        "0",
        "360",
        "0",
        "0",
        "0"
      ]
    },
    "last_submit": "2020-03-24T23:54:46.835Z",
    "answer_phase1": [
      "上海大学",
      "大二",
      "男",
      "2000-02-19",
      "null",
      "理工类",
      "173",
      "69",
      "5200",
      "5",
      "6.7",
      "3.45",
      "5",
      "0",
      "0",
      "0",
      "0",
      "0",
      "0",
      "0",
      "1",
      "1",
      "1",
      "1",
      "0",
      "1",
      "1",
      "0",
      "0",
      "0",
      "0",
      "1",
      "1",
      "1",
      "0",
      "0"
    ]
  },
  {
    "_id": "5e79f893fdeceb6dd36ea15c",
    "id": 282,
    "first_submit": "2020-03-24T20:09:55.302Z",
    "7d": {
      "1": [
        "300",
        "360",
        "0",
        "60",
        "0",
        "30",
        "30",
        "60"
      ],
      "2": [
        "180",
        "150",
        "0",
        "0",
        "0",
        "45",
        "180",
        "0"
      ]
    },
    "last_submit": "2020-03-24T20:09:55.302Z"
  },
  {
    "_id": "5e796edefdeceb6dd1a3b462",
    "id": 215,
    "first_submit": "2020-03-24T10:22:22.317Z",
    "7d": {
      "1": [
        "120",
        "180",
        "60",
        "60",
        "240",
        "0",
        "22",
        "0"
      ],
      "3": [
        "180",
        "180",
        "60",
        "0",
        "240",
        "0",
        "35",
        "0"
      ],
      "4": [
        "120",
        "180",
        "60",
        "60",
        "240",
        "0",
        "13",
        "0"
      ]
    },
    "last_submit": "2020-03-27T20:26:47.256Z"
  },
  {
    "_id": "5e79ef68fdeceb6dd1a3b464",
    "id": 260,
    "first_submit": "2020-03-24T19:30:48.765Z",
    "7d": {
      "1": [
        "180",
        "360",
        "0",
        "0",
        "0",
        "0",
        "240",
        "180"
      ],
      "2": [
        "180",
        "270",
        "0",
        "0",
        "180",
        "0",
        "120",
        "180"
      ],
      "3": [
        "120",
        "120",
        "0",
        "0",
        "0",
        "0",
        "180",
        "360"
      ],
      "4": [
        "120",
        "300",
        "0",
        "0",
        "0",
        "0",
        "180",
        "300"
      ]
    },
    "last_submit": "2020-03-27T20:56:56.138Z"
  },
  {
    "_id": "5e79cc8cfdeceb6dd1a3b463",
    "id": 214,
    "first_submit": "2020-03-24T17:02:04.673Z",
    "7d": {
      "1": [
        "180",
        "240",
        "0",
        "0",
        "0",
        "0",
        "0",
        "360"
      ],
      "2": [
        "0",
        "0",
        "0",
        "0",
        "0",
        "0",
        "0",
        "0"
      ],
      "3": [
        "0",
        "0",
        "0",
        "0",
        "0",
        "0",
        "0",
        "0"
      ],
      "4": [
        "0",
        "0",
        "0",
        "0",
        "0",
        "0",
        "0",
        "0"
      ]
    },
    "last_submit": "2020-03-27T20:25:24.136Z"
  },
  {
    "_id": "5e7990befdeceb6dd36ea15b",
    "id": 224,
    "first_submit": "2020-03-24T12:46:54.632Z",
    "7d": {
      "1": [
        "120",
        "300",
        "120",
        "0",
        "120",
        "0",
        "120",
        "0"
      ],
      "4": [
        "180",
        "300",
        "0",
        "0",
        "0",
        "0",
        "0",
        "0"
      ]
    },
    "last_submit": "2020-03-27T20:30:16.855Z"
  },
  {
    "_id": "5e789ce2fdeceb6dd36ea158",
    "id": 266,
    "first_submit": "2020-03-23T19:26:26.681Z",
    "7d": {
      "0": [
        "120",
        "120",
        "60",
        "60",
        "0",
        "0",
        "60",
        "60"
      ],
      "1": [
        "120",
        "60",
        "60",
        "60",
        "0",
        "0",
        "60",
        "120"
      ],
      "2": [
        "60",
        "120",
        "60",
        "60",
        "0",
        "0",
        "120",
        "120"
      ],
      "3": [
        "180",
        "60",
        "60",
        "60",
        "0",
        "0",
        "120",
        "0"
      ],
      "4": [
        "120",
        "120",
        "60",
        "60",
        "0",
        "0",
        "120",
        "60"
      ]
    },
    "last_submit": "2020-03-27T20:33:48.018Z"
  },
  {
    "_id": "5e79720afdeceb6dd2bdd8d2",
    "id": 268,
    "first_submit": "2020-03-24T10:35:54.482Z",
    "7d": {
      "1": [
        "240",
        "240",
        "0",
        "0",
        "0",
        "60",
        "0",
        "0"
      ],
      "2": [
        "180",
        "480",
        "0",
        "0",
        "0",
        "120",
        "0",
        "0"
      ],
      "3": [
        "60",
        "480",
        "0",
        "0",
        "0",
        "120",
        "0",
        "0"
      ],
      "4": [
        "180",
        "360",
        "0",
        "0",
        "0",
        "60",
        "0",
        "0"
      ]
    },
    "last_submit": "2020-03-27T20:37:25.115Z",
    "answer_phase1": [
      "上海大学",
      "大四",
      "男",
      "1998-07-16",
      "null",
      "理工类",
      "180",
      "68",
      "4000",
      "11",
      "7",
      "3.58-4.52",
      "12",
      "0",
      "0",
      "0",
      "0",
      "0",
      "0",
      "0",
      "2",
      "2",
      "1",
      "2",
      "2",
      "3",
      "1",
      "1",
      "0",
      "1",
      "1",
      "4",
      "2",
      "4",
      "0",
      "0"
    ]
  }
]